1,1,3,25,0,375 33 264 ,,3,0
2,0,1,11,0,389 ,,1,0
3,1,2,20,0,456 ,678 ,1,1
4,1,3,25,0,272 ,351 19 ,1,2
5,2,4,28,0,756 812 946 ,791 ,3,1
6,69,16,4,1,841 364 118 611 314 279 471 668 305 870 727 345 ,634 181 10 531 ,12,4
7,1,3,24,0,235 ,459 588 ,1,2
8,0,1,10,0,218 ,,1,0
9,1,2,21,0,255 80 ,,2,0
10,76,17,5,1,820 939 89 81 899 537 806 4 ,622 771 876 485 178 129 783 523 793 ,8,9
11,80,17,5,1,254 148 38 298 203 555 ,87 724 10 905 365 85 587 624 675 594 691 ,6,11
12,82,17,5,1,361 903 275 713 777 658 863 598 563 ,37 700 135 302 385 354 712 666 ,9,8
13,94,19,6,1,502 456 5 914 674 410 768 ,495 245 175 685 495 751 948 734 508 795 623 880 ,7,12
14,65,15,4,1,249 756 947 353 784 ,374 206 503 120 202 795 27 112 326 632 ,5,10
15,0,2,17,0,702 ,100 ,1,1
16,84,18,5,1,381 906 218 271 543 962 864 710 966 355 461 892 731 ,446 591 831 683 464 ,13,5
17,1,3,24,0,911 ,128 548 ,1,2
18,0,1,14,0,,893 ,0,1
19,63,15,4,1,970 293 408 877 972 310 349 243 863 ,954 566 221 957 887 836 ,9,6
20,1,3,22,0,,663 978 214 ,0,3
21,1,2,21,0,413 ,84 ,1,1
22,2,4,29,0,643 240 148 659 ,,4,0
23,68,16,4,1,892 65 430 863 722 575 554 953 ,612 197 552 412 653 50 250 6 ,8,8
24,0,1,10,0,,977 ,0,1
25,1,3,22,0,558 479 ,875 ,2,1
26,87,18,6,1,583 242 488 21 697 715 465 730 806 682 892 ,490 968 486 250 907 330 691 ,11,7
27,55,14,3,1,546 398 759 965 ,407 155 795 832 910 11 929 407 107 769 ,4,10
28,73,16,5,1,682 670 310 229 409 378 25 860 305 682 746 ,170 370 577 87 147 ,11,5
29,1,3,24,0,,721 569 114 ,0,3
30,1,2,19,0,468 ,286 ,1,1
31,2,4,28,0,824 ,13 324 92 ,1,3
32,60,15,4,1,657 58 558 733 309 359 48 20 316 ,448 10 481 137 738 312 ,9,6
33,1,2,18,0,463 ,,1,0
34,1,2,20,0,,168 131 ,0,2
35,0,1,13,0,,539 ,0,1
36,82,17,5,1,491 764 209 293 821 670 346 79 921 171 ,672 150 265 397 302 486 923 ,10,7
37,94,19,6,1,821 824 635 8 701 824 470 845 194 554 153 ,399 292 552 729 10 257 799 958 ,11,8
38,0,1,13,0,,507 ,0,1
39,0,1,13,0,,295 ,0,1
40,90,18,6,1,538 660 535 396 293 600 988 ,745 350 337 16 180 379 792 390 348 839 943 ,7,11
41,56,13,3,1,667 258 140 825 334 965 ,516 755 508 495 832 152 525 ,6,7
42,64,15,4,1,877 654 471 956 536 192 645 256 218 349 167 403 532 ,414 867 ,13,2
43,78,17,5,1,356 210 291 488 842 540 555 640 ,871 497 566 991 541 197 521 348 135 ,8,9
44,81,17,5,1,982 417 946 877 883 261 537 909 342 273 467 ,201 425 452 752 23 92 ,11,6
45,88,18,6,1,962 328 797 336 167 759 702 579 966 ,959 125 675 424 630 16 652 297 214 ,9,9
46,0,1,10,0,,443 ,0,1
47,2,4,29,0,422 115 620 ,926 ,3,1
48,0,2,17,0,115 ,473 ,1,1
49,0,1,15,0,,458 ,0,1
50,79,17,5,1,731 4 924 429 227 559 81 780 ,269 580 500 74 387 844 176 77 751 ,8,9
51,54,14,3,1,248 726 559 377 352 708 ,125 437 100 959 695 831 671 37 ,6,8
52,80,17,5,1,845 667 835 579 911 735 39 890 ,324 406 693 333 587 131 587 475 692 ,8,9
53,0,1,13,0,863 ,,1,0
54,73,16,5,1,35 679 543 172 46 885 124 94 759 722 ,147 373 348 358 351 520 ,10,6
55,0,1,10,0,,521 ,0,1
56,90,18,6,1,332 410 345 866 117 290 851 522 224 657 ,749 193 816 85 487 139 808 317 ,10,8
57,1,3,24,0,976 ,891 335 ,1,2
58,1,2,20,0,167 309 ,,2,0
59,0,1,13,0,863 ,,1,0
60,60,14,4,1,522 703 8 956 215 708 ,287 742 828 858 561 480 348 287 ,6,8
61,0,2,16,0,,954 257 ,0,2
62,64,15,4,1,59 728 822 229 955 951 405 460 ,828 837 87 637 185 545 165 ,8,7
63,69,16,4,1,101 483 345 462 110 665 256 950 7 812 ,490 548 23 129 10 792 ,10,6
64,0,1,11,0,31 ,,1,0
65,1,3,22,0,79 918 ,937 ,2,1
66,1,2,18,0,339 ,473 ,1,1
67,61,15,4,1,465 371 878 101 670 543 866 ,136 435 475 788 453 771 380 653 ,7,8
68,70,16,4,1,825 465 148 173 812 163 140 375 524 ,511 805 473 959 280 630 107 ,9,7
69,57,13,3,1,827 347 761 359 ,628 629 910 16 739 146 212 155 341 ,4,9
70,1,3,24,0,,407 628 927 ,0,3
71,90,18,6,1,932 535 477 79 665 ,159 206 472 407 301 663 653 196 742 625 738 577 43 ,5,13
72,1,2,21,0,717 ,752 ,1,1
73,0,1,11,0,,519 ,0,1
74,72,16,4,1,409 660 962 318 600 873 3 53 ,743 828 450 750 472 237 981 169 ,8,8
75,78,16,5,1,328 346 820 408 133 579 694 298 ,176 221 292 685 434 136 691 876 ,8,8
76,67,15,4,1,409 657 339 346 877 389 ,416 379 23 523 875 181 324 739 758 ,6,9
77,71,16,4,1,911 823 834 310 482 252 829 ,525 490 425 424 630 412 614 740 907 ,7,9
78,86,18,6,1,183 127 30 418 557 259 651 ,174 828 565 791 653 564 989 340 165 497 748 ,7,11
79,0,1,15,0,223 ,,1,0
80,1,3,22,0,55 ,205 476 ,1,2
81,1,3,25,0,575 ,266 453 ,1,2
82,1,3,24,0,897 ,107 394 ,1,2
83,61,15,4,1,111 971 8 260 ,43 624 511 606 141 612 561 193 120 495 837 ,4,11
84,58,14,3,1,8 318 133 607 702 699 917 ,435 495 754 154 867 601 685 ,7,7
85,72,16,4,1,254 542 794 479 158 356 188 ,675 459 894 637 521 734 586 647 459 ,7,9
86,68,15,4,1,368 259 18 81 353 579 261 24 904 921 ,103 560 217 958 177 ,10,5
87,52,14,3,1,309 225 938 307 227 215 956 ,269 734 859 295 739 762 168 ,7,7
88,2,4,30,0,777 679 ,161 507 ,2,2
89,1,2,20,0,142 ,505 ,1,1
90,0,2,17,0,126 ,335 ,1,1
91,2,4,28,0,483 658 658 ,174 ,3,1
92,70,16,4,1,106 316 585 344 770 576 318 849 710 726 702 ,376 813 132 881 876 ,11,5
93,0,1,10,0,73 ,,1,0
94,2,4,30,0,478 ,45 62 319 ,1,3
95,76,17,5,1,419 484 499 796 827 567 134 483 711 ,186 452 882 399 935 281 628 912 ,9,8
96,91,18,6,1,396 445 381 949 851 646 797 798 417 5 596 921 ,312 629 424 262 614 855 ,12,6
97,95,19,6,1,897 133 17 383 430 965 600 682 ,893 846 889 177 23 565 748 98 220 362 83 ,8,11
98,74,16,5,1,371 336 838 701 465 823 279 708 15 ,107 655 771 372 673 954 685 ,9,7
99,53,14,3,1,579 557 932 468 290 82 368 664 ,590 550 204 51 320 205 ,8,6
100,68,16,4,1,901 915 790 55 478 645 711 ,922 14 485 586 146 424 407 200 612 ,7,9
101,2,3,26,0,746 391 ,469 ,2,1
102,80,17,5,1,951 784 534 478 439 868 818 757 650 167 773 901 ,630 44 288 146 107 ,12,5
103,64,15,4,1,940 123 225 536 101 404 133 798 90 471 ,771 795 287 758 623 ,10,5
104,77,17,5,1,583 930 576 117 389 971 46 973 191 279 300 478 ,714 437 718 299 497 ,12,5
105,88,18,6,1,939 300 674 726 684 110 728 ,673 975 269 95 130 912 681 152 286 666 68 ,7,11
106,1,2,20,0,,217 394 ,0,2
107,76,17,5,1,592 512 970 334 405 252 498 810 820 ,656 750 237 910 908 854 791 799 ,9,8
108,1,3,25,0,909 ,648 661 ,1,2
109,94,19,6,1,988 482 260 59 756 246 429 283 703 641 ,434 895 608 13 525 63 907 887 788 ,10,9
110,1,3,24,0,925 864 ,475 ,2,1
111,1,2,18,0,,858 774 ,0,2
112,52,14,3,1,58 184 291 938 488 556 110 253 ,222 343 19 159 406 222 ,8,6
113,0,1,14,0,911 ,,1,0
114,79,17,5,1,797 7 224 386 479 537 3 7 984 797 ,578 855 792 591 923 96 514 ,10,7
115,1,2,18,0,,624 661 ,0,2
116,80,17,5,1,38 2 318 270 777 536 70 ,573 552 308 526 507 507 501 62 793 63 ,7,10
117,0,1,11,0,,68 ,0,1
118,0,1,14,0,468 ,,1,0
119,1,3,23,0,389 ,634 743 ,1,2
120,65,15,4,1,420 936 393 759 562 215 909 ,266 593 754 12 176 893 487 6 ,7,8
121,71,16,4,1,303 699 699 879 210 90 468 303 914 730 46 ,480 286 147 476 944 ,11,5
122,0,1,14,0,,991 ,0,1
123,2,4,28,0,273 296 736 980 ,,4,0
124,1,3,25,0,133 ,564 373 ,1,2
125,91,18,6,1,134 609 291 58 767 770 936 510 534 504 ,495 95 749 500 321 884 588 981 ,10,8
126,1,2,18,0,279 ,274 ,1,1
127,1,2,21,0,90 ,469 ,1,1
128,56,14,3,1,30 496 290 171 917 ,69 262 848 920 174 26 326 566 385 ,5,9
129,96,19,6,1,115 538 482 420 148 142 764 756 477 ,856 977 147 886 276 56 762 859 286 905 ,9,10
130,87,18,6,1,426 834 401 711 33 597 420 22 ,44 719 762 795 211 672 444 370 125 444 ,8,10
131,72,16,4,1,419 183 115 572 418 549 631 422 ,302 322 671 888 441 527 159 313 ,8,8
132,96,19,6,1,522 819 767 746 709 551 470 639 456 ,959 281 720 62 854 833 686 343 312 441 ,9,10
133,1,3,24,0,984 ,584 374 ,1,2
134,2,4,28,0,244 191 ,720 831 ,2,2
135,89,18,6,1,684 243 293 484 166 626 536 576 962 ,354 284 42 23 848 139 302 358 329 ,9,9
136,61,15,4,1,419 94 873 149 716 562 988 ,564 739 755 888 817 107 648 839 ,7,8
137,74,16,5,1,530 708 504 417 371 268 429 449 ,83 811 839 473 204 687 154 83 ,8,8
138,83,17,5,1,8 413 915 157 413 599 796 426 391 ,452 187 412 395 185 700 451 578 ,9,8
139,69,16,4,1,638 772 651 73 546 296 917 420 790 ,453 959 991 929 416 614 941 ,9,7
140,2,4,28,0,736 801 ,200 831 ,2,2
141,91,17,6,1,575 79 230 34 626 627 49 382 ,406 109 287 78 981 857 139 23 433 ,8,9
142,0,1,15,0,,935 ,0,1
143,57,14,3,1,868 956 423 381 767 ,861 523 683 813 450 622 196 354 964 ,5,9
144,89,18,6,1,650 173 694 542 167 316 440 303 987 371 ,63 995 979 957 779 394 560 357 ,10,8
145,97,19,6,1,897 153 557 235 273 454 ,204 869 846 545 427 907 265 464 531 839 176 373 986 ,6,13
146,95,19,6,1,689 829 940 467 904 988 826 396 992 ,891 552 977 421 220 891 266 458 95 805 ,9,10
147,58,14,3,1,911 260 731 853 449 118 31 604 21 534 ,628 138 116 206 ,10,4
148,1,2,19,0,386 ,871 ,1,1
149,1,3,22,0,,466 376 957 ,0,3
150,95,19,6,1,439 640 970 81 827 ,317 869 125 687 337 523 919 68 848 816 568 76 552 775 ,5,14
151,89,18,6,1,210 529 215 349 293 20 617 ,569 700 190 301 967 11 800 501 779 937 503 ,7,11
152,84,18,5,1,225 801 342 271 215 454 707 310 747 ,594 292 785 809 237 523 320 691 807 ,9,9
153,2,3,26,0,,618 340 910 ,0,3
154,88,18,6,1,57 171 232 315 303 852 182 228 918 ,338 147 222 952 146 621 632 324 751 ,9,9
155,97,19,6,1,915 79 976 778 701 810 598 ,721 979 514 586 700 109 755 161 594 887 655 372 ,7,12
156,1,3,22,0,,390 146 729 ,0,3
157,1,3,24,0,189 39 ,67 ,2,1
158,1,2,19,0,900 ,221 ,1,1
159,86,18,6,1,823 384 510 579 829 703 620 931 260 172 921 ,459 570 444 438 560 357 62 ,11,7
160,67,15,4,1,422 142 35 730 966 810 838 773 532 ,561 97 187 913 40 76 ,9,6
161,97,19,6,1,558 203 242 600 232 627 483 953 268 5 ,692 130 926 459 978 663 928 586 372 ,10,9
162,1,2,18,0,339 ,618 ,1,1
163,2,3,26,0,80 789 654 ,,3,0
164,0,1,13,0,494 ,,1,0
165,66,15,4,1,474 57 88 18 746 115 463 ,700 742 516 220 96 887 358 791 ,7,8
166,1,2,19,0,191 636 ,,2,0
167,0,2,16,0,57 ,683 ,1,1
168,67,15,4,1,339 909 423 478 904 ,68 614 882 886 187 815 265 738 550 749 ,5,10
169,89,18,6,1,657 900 870 890 646 207 229 258 478 543 ,490 944 407 388 42 427 704 397 ,10,8
170,63,15,4,1,732 819 870 701 824 110 798 359 409 842 ,587 155 861 856 808 ,10,5
171,0,1,12,0,,366 ,0,1
172,0,2,18,0,563 ,135 ,1,1
173,2,4,27,0,701 766 167 ,739 ,3,1
174,86,17,6,1,422 932 841 680 558 34 82 173 797 82 635 ,226 959 787 366 964 594 ,11,6
175,73,15,5,1,244 536 30 633 980 727 938 659 ,67 610 365 421 893 343 565 ,8,7
176,59,14,4,1,224 635 803 325 328 670 845 ,165 978 177 912 143 37 744 ,7,7
177,57,14,3,1,773 482 767 496 101 209 315 538 ,338 67 887 323 197 666 ,8,6
178,57,14,3,1,445 423 371 163 88 101 30 ,387 269 96 608 799 104 458 ,7,7
179,2,3,26,0,706 ,792 807 ,1,2
180,95,19,6,1,305 576 498 172 163 465 279 901 770 375 478 ,695 120 6 661 438 862 593 358 ,11,8
181,66,15,4,1,534 229 47 609 680 517 492 ,905 63 402 176 379 395 71 95 ,7,8
182,0,1,12,0,904 ,,1,0
183,1,2,20,0,963 ,621 ,1,1
184,0,1,10,0,546 ,,1,0
185,97,19,6,1,439 890 609 925 260 471 596 713 477 633 ,143 521 725 335 623 437 435 274 400 ,10,9
186,88,18,6,1,530 184 947 866 242 413 468 ,719 831 120 52 493 769 394 385 933 155 926 ,7,11
187,57,14,3,1,305 645 932 772 635 660 244 15 ,920 526 451 45 13 967 ,8,6
188,2,4,29,0,988 ,505 433 828 ,1,3
189,2,4,30,0,609 770 557 ,433 ,3,1
190,60,14,4,1,492 778 355 283 172 ,750 337 86 469 301 691 967 348 755 ,5,9
191,1,2,19,0,4 ,714 ,1,1
192,2,4,29,0,,787 380 75 40 ,0,4
193,96,18,6,1,760 142 932 255 980 106 546 699 369 873 171 ,526 525 362 154 190 846 673 ,11,7
194,0,1,10,0,576 ,,1,0
195,2,4,29,0,659 82 352 ,666 ,3,1
196,71,16,4,1,275 430 229 518 496 990 812 ,693 896 844 750 41 695 907 945 847 ,7,9
197,72,16,5,1,980 300 544 707 499 381 ,107 100 322 586 738 269 602 815 941 861 ,6,10
198,2,4,29,0,916 409 ,833 247 ,2,2
199,1,2,20,0,89 613 ,,2,0
200,74,16,5,1,980 551 65 4 851 966 658 378 902 827 470 559 345 496 ,317 181 ,14,2
201,81,17,5,1,917 544 148 732 522 47 581 582 980 699 ,615 424 616 100 196 138 758 ,10,7
202,91,18,6,1,522 30 822 420 794 ,495 120 771 421 266 129 335 944 363 437 40 881 516 ,5,13
203,1,3,23,0,409 546 ,330 ,2,1
204,69,16,4,1,465 249 965 599 398 203 976 439 ,935 795 808 714 920 78 69 574 ,8,8
205,89,18,6,1,195 158 209 369 179 61 642 167 316 162 571 369 ,975 788 204 531 788 213 ,12,6
206,70,16,4,1,30 872 557 626 415 765 39 55 384 ,836 459 416 867 837 813 942 ,9,7
207,2,3,26,0,445 600 ,251 ,2,1
208,56,14,3,1,543 261 757 641 389 917 835 ,337 880 905 154 399 811 828 ,7,7
209,0,2,16,0,946 ,856 ,1,1
210,1,3,26,0,418 ,568 738 ,1,2
211,77,17,5,1,794 605 140 224 829 113 589 717 189 827 877 ,569 700 374 337 933 320 ,11,6
212,80,17,5,1,992 80 818 17 951 3 ,769 653 472 27 954 212 957 109 816 204 28 ,6,11
213,83,17,5,1,543 924 617 325 529 467 8 980 ,32 552 169 276 681 800 201 623 508 ,8,9
214,91,18,6,1,576 659 765 883 768 873 5 117 386 689 158 ,178 97 358 387 652 929 222 ,11,7
215,0,1,10,0,,769 ,0,1
216,93,19,6,1,658 334 845 717 463 973 148 228 931 241 546 263 ,289 550 751 331 705 995 978 ,12,7
217,96,19,6,1,812 776 538 689 460 415 512 646 860 ,935 669 625 453 525 350 466 739 351 333 ,9,10
218,2,3,26,0,950 ,196 793 ,1,2
219,0,1,14,0,,594 ,0,1
220,78,17,5,1,540 636 224 227 877 840 223 559 307 93 ,808 321 895 74 427 100 847 ,10,7
221,69,16,4,1,764 240 866 966 645 599 381 470 ,775 514 695 201 813 333 350 985 ,8,8
222,68,16,4,1,4 903 305 465 233 559 474 575 243 639 504 ,75 236 452 85 87 ,11,5
223,0,2,16,0,768 ,26 ,1,1
224,1,3,22,0,422 255 ,280 ,2,1
225,1,3,25,0,727 ,831 608 ,1,2
226,59,14,4,1,396 259 582 562 496 405 ,455 475 490 957 238 26 843 323 ,6,8
227,1,2,19,0,310 ,788 ,1,1
228,2,3,26,0,,281 137 313 ,0,3
229,1,3,25,0,727 ,238 155 ,1,2
230,0,1,11,0,,623 ,0,1
231,86,17,6,1,327 731 207 651 ,141 247 573 614 929 190 245 397 509 507 850 978 979 ,4,13
232,0,1,13,0,,86 ,0,1
233,1,3,22,0,5 ,129 614 ,1,2
234,69,15,4,1,764 980 113 119 489 242 932 442 316 902 ,662 622 519 882 833 ,10,5
235,0,2,15,0,562 ,882 ,1,1
236,75,16,5,1,767 899 939 140 336 153 ,508 781 446 815 103 630 749 27 618 714 ,6,10
237,73,16,5,1,483 635 191 727 20 18 210 682 ,480 952 817 612 516 266 276 76 ,8,8
238,58,14,3,1,498 834 950 371 183 133 ,97 525 362 216 724 41 11 979 ,6,8
239,0,1,14,0,,337 ,0,1
240,1,3,21,0,215 215 218 ,,3,0
241,2,4,29,0,963 951 248 ,833 ,3,1
242,0,1,10,0,746 ,,1,0
243,1,3,23,0,,577 896 54 ,0,3
244,0,1,13,0,931 ,,1,0
245,83,17,5,1,633 827 420 260 264 534 229 806 ,795 922 458 652 629 666 121 881 594 ,8,9
246,2,4,28,0,821 544 383 ,634 ,3,1
247,67,15,4,1,684 803 58 248 126 849 780 786 780 285 91 ,51 850 602 155 ,11,4
248,0,1,12,0,,120 ,0,1
249,0,1,10,0,184 ,,1,0
250,57,14,3,1,951 924 482 709 94 699 722 940 756 ,521 550 338 299 655 ,9,5
251,74,16,5,1,263 549 111 583 119 173 609 804 849 101 ,511 769 135 880 520 979 ,10,6
252,1,3,22,0,474 ,379 139 ,1,2
253,1,3,24,0,113 ,623 871 ,1,2
254,2,4,29,0,902 976 ,621 501 ,2,2
255,0,1,11,0,709 ,,1,0
256,0,1,15,0,,720 ,0,1
257,75,16,5,1,549 551 404 194 841 30 339 270 737 1 415 778 789 ,45 508 913 ,13,3
258,0,1,10,0,,678 ,0,1
259,1,3,22,0,860 670 575 ,,3,0
260,1,3,22,0,921 ,238 721 ,1,2
261,2,4,28,0,583 182 ,317 886 ,2,2
262,99,19,6,1,890 411 49 58 732 9 851 242 ,150 648 136 83 625 610 181 832 335 632 473 ,8,11
263,0,2,16,0,93 ,208 ,1,1
264,0,1,15,0,,200 ,0,1
265,56,14,3,1,224 117 134 483 631 821 524 189 ,833 831 828 13 144 380 ,8,6
266,68,16,4,1,90 909 426 57 851 820 479 ,591 366 154 856 69 395 406 586 952 ,7,9
267,2,4,30,0,709 110 951 ,793 ,3,1
268,0,2,16,0,57 ,424 ,1,1
269,77,17,5,1,20 252 277 567 797 911 597 708 992 153 426 207 883 842 ,427 486 453 ,14,3
270,1,2,20,0,940 345 ,,2,0
271,1,2,18,0,776 ,155 ,1,1
272,1,3,26,0,,266 12 740 ,0,3
273,1,3,22,0,46 ,78 350 ,1,2
274,82,17,5,1,305 239 890 315 430 113 ,869 414 351 323 666 174 800 357 146 473 366 ,6,11
275,1,3,22,0,403 327 ,954 ,2,1
276,68,16,4,1,746 827 607 282 270 241 537 489 447 382 ,161 269 854 754 43 292 ,10,6
277,1,3,24,0,72 753 ,357 ,2,1
278,0,1,13,0,,130 ,0,1
279,2,4,29,0,536 33 ,487 568 ,2,2
280,92,19,6,1,583 915 631 901 900 24 885 123 479 498 633 ,42 683 338 125 146 42 397 136 ,11,8
281,92,19,6,1,911 49 757 650 824 840 259 227 272 651 ,934 779 312 104 181 294 625 714 692 ,10,9
282,0,2,16,0,,588 854 ,0,2
283,1,3,26,0,342 ,200 365 ,1,2
284,82,17,5,1,88 90 790 731 502 ,424 497 920 814 927 859 121 400 100 673 867 527 ,5,12
285,1,3,21,0,688 ,608 144 ,1,2
286,57,14,3,1,184 260 410 227 391 810 282 592 579 ,301 220 920 941 948 ,9,5
287,74,16,5,1,367 367 530 736 225 470 599 826 ,487 552 185 898 750 614 497 125 ,8,8
288,83,17,5,1,198 513 64 240 510 595 8 633 118 ,86 247 237 180 698 281 508 211 ,9,8
289,65,15,4,1,315 241 246 158 797 423 ,783 187 343 135 565 435 36 751 628 ,6,9
290,0,1,10,0,,116 ,0,1
291,0,1,10,0,267 ,,1,0
292,71,16,4,1,885 315 676 773 39 470 106 ,725 36 395 67 247 360 266 351 107 ,7,9
293,1,2,20,0,259 ,714 ,1,1
294,80,17,5,1,413 951 7 953 355 499 806 713 585 5 64 431 557 ,511 783 202 844 ,13,4
295,83,16,5,1,899 940 668 966 492 710 ,83 114 145 362 881 981 808 527 929 691 ,6,10
296,2,4,29,0,484 ,216 606 774 ,1,3
297,85,18,5,1,29 386 963 776 25 992 ,443 712 441 114 929 262 287 608 913 114 815 473 ,6,12
298,0,2,17,0,512 ,116 ,1,1
299,57,14,3,1,127 972 973 841 22 353 789 947 ,590 547 274 876 459 783 ,8,6
300,0,2,16,0,,54 672 ,0,2
301,95,19,6,1,106 522 53 369 ,433 514 500 887 705 433 720 919 905 700 379 895 743 95 185 ,4,15
302,53,14,3,1,903 471 166 413 600 840 901 971 ,941 577 473 828 661 130 ,8,6
303,1,3,22,0,682 ,321 302 ,1,2
304,75,16,5,1,974 411 157 21 253 55 789 974 47 579 ,625 26 370 323 981 365 ,10,6
305,1,3,24,0,599 ,152 202 ,1,2
306,1,3,23,0,268 101 900 ,,3,0
307,0,1,10,0,47 ,,1,0
308,56,14,3,1,765 694 258 770 470 ,857 206 247 923 934 379 698 593 959 ,5,9
309,0,2,17,0,,28 882 ,0,2
310,1,3,25,0,219 140 359 ,,3,0
311,80,17,5,1,812 471 603 532 820 646 ,618 920 427 464 83 120 414 202 75 578 301 ,6,11
312,67,15,4,1,332 797 436 277 389 278 620 572 270 ,816 6 867 945 896 983 ,9,6
313,55,14,3,1,88 254 821 392 115 260 ,128 743 577 147 286 231 175 284 ,6,8
314,1,3,25,0,392 892 ,695 ,2,1
315,1,3,26,0,728 ,313 67 ,1,2
316,1,3,21,0,562 ,213 809 ,1,2
317,61,15,4,1,946 35 674 327 532 987 2 ,150 569 464 960 550 137 287 459 ,7,8
318,1,3,24,0,48 ,500 531 ,1,2
319,84,17,5,1,994 583 4 307 543 ,185 102 622 476 321 685 844 204 771 320 181 143 ,5,12
320,98,18,6,1,124 708 536 707 940 ,473 927 755 672 663 712 432 565 933 891 814 681 28 ,5,13
321,94,19,6,1,471 990 334 535 567 158 347 367 279 845 460 776 ,714 565 116 967 27 121 514 ,12,7
322,68,14,4,1,440 911 757 562 64 164 668 613 241 ,44 875 114 493 743 ,9,5
323,54,14,3,1,829 484 106 555 316 219 31 864 ,673 594 220 98 758 655 ,8,6
324,76,17,5,1,761 515 268 30 428 665 953 680 ,432 788 560 427 958 338 472 692 452 ,8,9
325,1,2,20,0,355 ,624 ,1,1
326,53,14,3,1,38 172 631 543 557 409 342 965 409 ,527 357 729 539 805 ,9,5
327,0,1,15,0,,12 ,0,1
328,2,4,30,0,682 706 604 ,908 ,3,1
329,99,19,6,1,228 345 872 890 364 134 677 801 ,212 247 56 257 748 414 647 539 618 692 245 ,8,11
330,84,17,5,1,34 699 420 770 349 773 ,204 107 927 673 624 373 63 681 960 397 10 ,6,11
331,83,16,5,1,826 760 271 467 461 ,926 487 809 995 696 365 672 289 792 320 882 ,5,11
332,0,2,16,0,571 ,704 ,1,1
333,54,14,3,1,419 540 877 931 766 ,121 548 452 433 884 686 734 16 738 ,5,9
334,1,3,23,0,667 766 ,792 ,2,1
335,96,19,6,1,764 113 334 420 953 271 361 499 778 592 ,42 758 395 231 206 85 889 69 276 ,10,9
336,2,3,26,0,378 ,287 308 ,1,2
337,88,18,6,1,55 124 819 537 1 555 840 310 9 188 ,387 262 350 234 934 622 704 808 ,10,8
338,67,15,4,1,334 215 33 415 462 ,481 800 374 989 432 238 698 76 506 388 ,5,10
339,2,4,29,0,735 377 271 ,704 ,3,1
340,95,19,6,1,851 670 984 463 271 806 796 970 760 267 404 953 164 275 ,412 187 19 50 574 ,14,5
341,55,13,3,1,710 537 167 ,588 889 831 105 112 472 547 495 105 432 ,3,10
342,0,2,17,0,39 ,159 ,1,1
343,66,15,4,1,776 664 463 940 636 938 553 ,231 847 338 144 568 269 196 672 ,7,8
344,1,2,20,0,225 460 ,,2,0
345,1,2,18,0,790 ,131 ,1,1
346,1,3,24,0,562 963 582 ,,3,0
347,0,2,16,0,873 ,565 ,1,1
348,87,18,6,1,650 916 777 639 797 722 108 290 429 ,547 945 539 628 933 112 251 566 322 ,9,9
349,2,3,26,0,892 ,469 844 ,1,2
350,55,14,3,1,599 277 645 870 642 477 195 359 ,876 942 943 196 100 197 ,8,6
351,87,17,6,1,916 422 368 840 730 88 264 540 642 ,929 995 217 44 292 32 19 691 ,9,8
352,2,4,30,0,30 271 ,96 51 ,2,2
353,1,3,24,0,835 697 ,40 ,2,1
354,58,14,3,1,897 191 575 233 829 198 393 ,301 927 245 913 434 196 898 ,7,7
355,1,2,18,0,,630 114 ,0,2
356,1,3,21,0,383 189 ,833 ,2,1
357,99,19,6,1,679 651 851 555 4 646 382 534 232 694 972 ,614 103 480 505 329 147 913 833 ,11,8
358,56,14,3,1,824 711 249 467 916 668 82 ,176 610 74 718 800 800 793 ,7,7
359,2,4,30,0,156 46 688 ,208 ,3,1
360,84,18,5,1,765 930 246 447 664 717 282 411 223 ,77 795 358 187 86 550 161 204 13 ,9,9
361,0,2,18,0,605 ,934 ,1,1
362,54,14,3,1,393 306 537 413 479 7 ,815 28 681 712 564 175 379 187 ,6,8
363,56,14,3,1,39 818 680 264 88 ,837 208 887 472 714 274 137 590 751 ,5,9
364,1,3,24,0,635 258 ,69 ,2,1
365,57,14,3,1,551 874 49 403 219 651 273 ,986 112 85 52 833 608 986 ,7,7
366,65,15,4,1,285 244 195 543 463 101 544 218 ,975 197 880 204 719 754 129 ,8,7
367,0,1,15,0,122 ,,1,0
368,1,2,18,0,786 ,779 ,1,1
369,2,3,27,0,496 189 ,221 ,2,1
370,98,19,6,1,134 789 636 124 766 462 639 106 992 852 393 872 392 55 ,828 75 237 288 114 ,14,5
371,2,3,27,0,874 ,443 833 ,1,2
372,94,19,6,1,650 773 835 865 55 491 901 64 91 81 430 ,295 274 541 98 387 84 458 608 ,11,8
373,88,18,6,1,82 482 825 467 914 167 747 494 ,995 138 693 105 729 388 622 995 425 362 ,8,10
374,88,18,6,1,583 932 798 784 445 ,362 365 372 584 719 908 394 213 330 781 975 362 351 ,5,13
375,2,4,28,0,825 778 829 ,137 ,3,1
376,76,17,5,1,849 730 369 951 667 870 463 702 598 246 498 498 717 111 ,221 338 476 ,14,3
377,0,1,10,0,241 ,,1,0
378,1,2,20,0,670 ,276 ,1,1
379,55,14,3,1,134 604 600 ,231 299 893 400 193 177 385 644 584 666 226 ,3,11
380,91,17,6,1,735 203 917 499 932 737 184 477 645 241 585 ,421 928 570 628 539 948 ,11,6
381,1,3,24,0,502 ,160 907 ,1,2
382,1,2,21,0,838 ,550 ,1,1
383,0,1,13,0,970 ,,1,0
384,2,4,29,0,818 64 29 694 ,,4,0
385,96,19,6,1,953 819 119 932 21 763 690 778 368 156 772 950 66 ,876 295 721 324 742 661 ,13,6
386,1,3,23,0,716 229 ,741 ,2,1
387,80,17,5,1,404 604 471 617 113 510 252 ,16 83 506 319 186 366 27 854 234 861 ,7,10
388,96,18,6,1,654 924 261 418 182 682 198 ,519 714 552 725 247 869 313 466 213 416 861 ,7,11
389,0,1,15,0,,37 ,0,1
390,69,16,4,1,702 470 307 256 2 ,427 578 929 695 87 508 44 295 262 698 547 ,5,11
391,2,3,27,0,575 852 ,817 ,2,1
392,1,3,23,0,756 89 ,358 ,2,1
393,0,2,16,0,73 4 ,,2,0
394,64,15,4,1,684 829 735 158 405 697 1 474 826 230 ,856 769 817 137 725 ,10,5
395,77,17,5,1,418 203 171 679 ,466 791 910 927 388 937 451 312 891 397 565 105 338 ,4,13
396,0,1,10,0,,630 ,0,1
397,66,15,4,1,575 866 352 640 789 873 731 866 ,245 615 150 740 560 294 850 ,8,7
398,1,3,22,0,965 ,588 387 ,1,2
399,71,16,4,1,179 870 879 8 489 188 ,941 77 297 893 565 406 847 132 896 795 ,6,10
400,59,14,4,1,562 364 171 368 94 148 ,481 114 177 269 564 299 721 446 ,6,8
401,1,2,18,0,810 ,41 ,1,1
402,96,19,6,1,179 760 499 949 974 210 303 428 398 384 543 305 ,141 739 159 787 861 632 995 ,12,7
403,2,4,28,0,224 273 789 ,370 ,3,1
404,2,3,27,0,9 306 ,672 ,2,1
405,0,1,14,0,710 ,,1,0
406,92,19,6,1,203 746 267 401 199 756 57 429 64 533 391 328 310 ,685 839 954 330 968 967 ,13,6
407,63,15,4,1,940 697 915 179 142 906 352 454 790 ,933 154 671 586 67 151 ,9,6
408,2,4,29,0,746 228 ,521 525 ,2,2
409,0,1,14,0,902 ,,1,0
410,2,4,28,0,474 642 ,23 433 ,2,2
411,1,2,21,0,938 55 ,,2,0
412,74,16,5,1,115 242 838 946 821 706 699 770 592 352 260 ,833 374 507 507 168 ,11,5
413,0,1,10,0,613 ,,1,0
414,60,14,4,1,48 405 275 163 65 467 ,991 180 975 787 807 443 288 500 ,6,8
415,2,4,30,0,55 64 ,216 861 ,2,2
416,92,19,6,1,901 361 80 20 239 642 820 426 ,833 754 961 531 452 637 170 19 856 238 948 ,8,11
417,2,4,27,0,140 ,876 967 51 ,1,3
418,0,1,12,0,,671 ,0,1
419,1,3,25,0,642 ,139 379 ,1,2
420,1,2,19,0,,412 875 ,0,2
421,85,18,5,1,492 359 860 88 874 728 255 549 638 ,304 452 376 443 335 630 895 527 425 ,9,9
422,0,2,17,0,423 ,433 ,1,1
423,0,1,13,0,680 ,,1,0
424,76,17,5,1,818 924 782 822 153 717 261 ,41 269 986 934 83 720 41 206 787 678 ,7,10
425,58,14,3,1,339 318 148 246 713 502 ,577 284 521 961 365 503 144 954 ,6,8
426,0,1,13,0,219 ,,1,0
427,79,17,5,1,264 635 108 426 553 777 911 690 ,979 196 507 519 266 721 687 539 762 ,8,9
428,1,2,20,0,267 ,960 ,1,1
429,0,1,15,0,849 ,,1,0
430,2,4,27,0,140 702 ,912 720 ,2,2
431,0,1,14,0,454 ,,1,0
432,73,16,5,1,838 679 940 199 454 153 153 172 58 ,952 222 280 320 501 63 11 ,9,7
433,58,14,3,1,184 73 408 462 556 877 543 106 80 ,858 968 644 175 742 ,9,5
434,96,19,6,1,562 182 157 840 838 946 410 680 609 ,68 476 669 205 274 523 625 86 114 788 ,9,10
435,70,15,4,1,282 536 810 544 377 124 48 538 778 94 422 ,791 945 629 63 ,11,4
436,1,3,25,0,535 892 971 ,,3,0
437,83,15,5,1,218 654 347 122 877 89 133 763 756 316 798 ,503 695 128 837 ,11,4
438,68,16,4,1,123 613 293 717 157 736 429 194 ,941 933 372 775 169 989 630 146 ,8,8
439,1,3,24,0,639 118 285 ,,3,0
440,0,1,11,0,,573 ,0,1
441,72,16,4,1,502 689 540 300 778 873 595 ,629 250 190 547 247 959 406 23 625 ,7,9
442,1,3,23,0,600 384 ,959 ,2,1
443,85,18,5,1,502 572 9 731 646 471 874 ,211 497 959 960 693 208 895 495 743 169 751 ,7,11
444,68,16,4,1,66 753 470 199 364 39 ,432 683 331 475 146 652 758 552 236 734 ,6,10
445,2,3,26,0,72 ,75 132 ,1,2
446,70,14,4,1,543 538 64 456 ,292 618 333 516 912 655 552 36 844 527 ,4,10
447,1,3,23,0,917 ,319 458 ,1,2
448,60,15,4,1,646 660 456 38 ,32 299 629 98 814 42 451 180 912 397 672 ,4,11
449,0,1,15,0,583 ,,1,0
450,84,18,5,1,133 890 528 420 820 595 759 708 709 122 617 ,687 421 954 135 616 908 416 ,11,7
451,60,15,4,1,834 730 956 883 404 456 156 419 ,40 663 521 893 337 744 365 ,8,7
452,59,14,4,1,417 711 638 38 164 210 278 219 426 ,231 791 78 738 692 ,9,5
453,91,18,6,1,334 496 780 613 731 636 731 439 ,473 952 632 205 920 161 539 618 964 77 ,8,10
454,2,3,29,0,252 342 ,490 ,2,1
455,74,16,5,1,892 626 963 670 454 243 530 156 191 865 122 248 ,71 580 511 453 ,12,4
456,0,1,11,0,,376 ,0,1
457,89,18,6,1,733 215 498 478 499 460 246 249 ,99 500 155 433 202 781 175 351 476 881 ,8,10
458,70,16,4,1,535 467 651 349 279 829 64 ,443 871 201 669 370 202 481 754 843 ,7,9
459,86,18,6,1,275 845 899 392 471 81 730 356 840 389 ,519 594 503 237 208 42 908 573 ,10,8
460,0,1,11,0,679 ,,1,0
461,0,2,15,0,378 ,176 ,1,1
462,1,3,25,0,65 680 ,32 ,2,1
463,1,3,24,0,,729 828 299 ,0,3
464,69,16,4,1,706 404 974 401 166 ,675 151 155 373 718 656 507 577 288 52 120 ,5,11
465,1,3,24,0,298 259 ,329 ,2,1
466,56,14,3,1,921 706 164 596 171 766 ,846 574 509 365 452 888 455 813 ,6,8
467,0,2,17,0,94 796 ,,2,0
468,0,1,11,0,931 ,,1,0
469,89,18,6,1,797 701 334 899 383 773 401 ,83 805 669 13 934 813 286 628 977 56 908 ,7,11
470,0,1,15,0,,453 ,0,1
471,0,1,13,0,,102 ,0,1
472,77,17,5,1,642 449 240 694 522 605 189 369 454 ,341 922 830 201 379 407 958 216 ,9,8
473,73,16,5,1,640 553 536 557 641 ,661 908 146 175 421 475 832 213 41 771 859 ,5,11
474,1,3,24,0,,695 289 457 ,0,3
475,54,14,3,1,184 556 641 764 670 868 530 167 ,634 565 748 500 407 373 ,8,6
476,54,12,3,1,307 462 468 789 29 447 645 166 654 ,319 740 705 ,9,3
477,1,3,23,0,636 318 ,663 ,2,1
478,2,3,26,0,900 ,910 913 ,1,2
479,1,3,24,0,583 890 914 ,,3,0
480,87,18,6,1,535 657 965 47 722 31 860 334 233 822 668 ,725 647 84 146 867 103 28 ,11,7
481,76,16,5,1,391 988 353 463 617 585 430 827 ,606 861 301 186 855 771 102 968 ,8,8
482,0,2,17,0,,276 661 ,0,2
483,0,1,14,0,,379 ,0,1
484,1,3,21,0,,933 644 372 ,0,3
485,85,18,5,1,838 344 33 119 932 803 984 677 79 246 29 613 ,618 606 978 539 792 693 ,12,6
486,54,13,3,1,375 555 641 411 462 585 674 ,548 514 292 204 855 889 ,7,6
487,82,17,5,1,24 153 272 166 300 786 890 371 401 215 ,234 23 957 238 56 370 608 ,10,7
488,0,1,13,0,737 ,,1,0
489,1,2,19,0,870 ,686 ,1,1
490,67,15,4,1,386 818 325 207 658 641 403 219 823 ,269 704 37 311 190 222 ,9,6
491,2,4,29,0,7 386 ,744 656 ,2,2
492,0,1,15,0,555 ,,1,0
493,81,17,5,1,210 256 108 892 990 504 756 417 ,421 493 145 855 41 855 848 805 169 ,8,9
494,1,3,22,0,699 254 117 ,,3,0
495,89,18,6,1,31 415 764 82 59 701 149 864 352 315 59 562 ,615 964 395 560 266 894 ,12,6
496,1,3,23,0,849 ,180 929 ,1,2
497,97,19,6,1,167 803 413 371 654 467 328 309 403 524 806 447 ,750 507 686 269 78 175 86 ,12,7
498,0,2,16,0,892 408 ,,2,0
499,1,3,22,0,892 ,991 497 ,1,2
500,86,18,6,1,431 904 611 697 405 189 865 711 553 310 15 ,497 490 855 519 813 666 351 ,11,7
501,54,14,3,1,536 158 460 522 275 ,683 86 83 792 816 612 387 95 958 ,5,9
502,1,3,21,0,253 ,813 983 ,1,2
503,71,15,4,1,874 17 770 790 81 660 994 465 533 582 ,750 76 473 412 97 ,10,5
504,0,1,10,0,393 ,,1,0
505,75,16,5,1,210 411 415 699 445 468 447 667 1 ,455 274 795 85 425 590 414 ,9,7
506,83,17,5,1,368 537 939 2 405 562 ,837 560 913 63 297 160 132 466 516 923 376 ,6,11
507,86,17,6,1,66 842 710 460 305 282 5 551 415 994 ,130 358 319 685 366 71 729 ,10,7
508,58,13,3,1,22 454 392 115 413 567 980 546 ,628 297 114 390 570 ,8,5
509,95,19,6,1,863 72 538 643 658 377 218 255 658 229 59 931 609 ,525 573 588 62 472 407 ,13,6
510,1,2,18,0,296 ,787 ,1,1
511,72,16,4,1,676 966 727 596 48 892 115 460 878 ,565 354 769 752 326 503 480 ,9,7
512,2,4,29,0,426 ,547 351 71 ,1,3
513,1,3,24,0,767 ,251 779 ,1,2
514,99,19,6,1,797 334 826 984 784 298 756 ,69 185 506 506 508 250 718 862 678 847 63 330 ,7,12
515,1,3,21,0,930 766 ,466 ,2,1
516,95,19,6,1,599 428 711 122 982 716 879 701 543 91 223 ,114 130 516 45 787 587 632 247 ,11,8
517,1,2,20,0,819 909 ,,2,0
518,0,1,12,0,332 ,,1,0
519,83,17,5,1,9 838 31 956 736 757 377 115 ,211 205 762 16 791 673 580 922 313 ,8,9
520,84,18,5,1,2 512 984 47 305 972 111 782 389 ,991 387 68 205 132 56 107 220 858 ,9,9
521,74,16,5,1,223 368 449 403 707 124 474 849 746 786 715 108 ,696 725 749 896 ,12,4
522,0,1,13,0,,257 ,0,1
523,83,17,5,1,694 631 736 626 275 94 727 ,432 907 265 6 32 37 815 174 174 348 ,7,10
524,1,2,19,0,534 9 ,,2,0
525,65,14,4,1,420 939 600 361 82 39 383 258 963 ,266 136 311 152 519 ,9,5
526,95,19,6,1,679 517 384 530 737 664 823 670 310 22 572 549 253 706 ,952 989 128 380 675 ,14,5
527,95,19,6,1,688 494 307 904 924 249 897 426 757 780 49 657 965 ,991 656 475 815 131 222 ,13,6
528,2,3,26,0,4 272 757 ,,3,0
529,2,4,28,0,277 ,116 473 691 ,1,3
530,0,2,17,0,773 659 ,,2,0
531,56,14,3,1,361 461 604 267 972 645 460 489 ,739 552 312 185 614 875 ,8,6
532,0,2,16,0,767 ,564 ,1,1
533,0,1,14,0,,348 ,0,1
534,2,4,29,0,,372 891 495 250 ,0,4
535,1,3,24,0,974 915 ,453 ,2,1
536,2,4,28,0,249 932 ,584 434 ,2,2
537,2,4,30,0,715 835 ,379 214 ,2,2
538,0,1,14,0,,152 ,0,1
539,57,13,3,1,872 228 504 864 ,888 437 687 490 159 578 44 505 130 ,4,9
540,0,1,10,0,,783 ,0,1
541,68,15,4,1,990 801 279 410 8 825 20 119 381 258 ,714 769 102 387 19 ,10,5
542,1,2,20,0,,807 811 ,0,2
543,0,1,15,0,,400 ,0,1
544,0,1,10,0,309 ,,1,0
545,95,19,6,1,878 877 477 91 111 80 119 651 2 611 733 ,602 330 882 663 991 876 871 942 ,11,8
546,0,1,10,0,,414 ,0,1
547,80,17,5,1,874 502 430 863 853 110 124 901 57 767 645 252 182 ,588 472 197 661 ,13,4
548,82,17,5,1,293 900 468 439 987 ,837 221 138 288 319 276 132 954 941 257 197 78 ,5,12
549,0,1,11,0,436 ,,1,0
550,93,19,6,1,291 101 901 15 410 554 868 55 227 883 868 470 282 318 513 ,624 190 109 165 ,15,4
551,0,1,13,0,277 ,,1,0
552,92,19,6,1,298 643 645 860 690 658 82 760 823 ,586 269 226 910 912 573 685 762 961 669 ,9,10
553,1,3,23,0,585 420 ,811 ,2,1
554,2,4,29,0,727 ,130 222 23 ,1,3
555,0,1,15,0,58 ,,1,0
556,2,3,27,0,33 158 93 ,,3,0
557,2,4,29,0,879 711 ,565 850 ,2,2
558,2,4,29,0,22 603 ,875 105 ,2,2
559,1,3,25,0,713 838 911 ,,3,0
560,79,17,5,1,184 546 195 420 122 522 650 703 167 140 5 ,570 907 388 343 692 276 ,11,6
561,88,18,6,1,184 645 553 939 207 158 973 674 ,855 541 527 981 125 948 912 718 957 236 ,8,10
562,2,4,28,0,585 603 158 ,27 ,3,1
563,0,1,14,0,,937 ,0,1
564,78,17,5,1,126 636 229 863 883 328 298 657 994 ,610 750 19 683 871 922 858 266 ,9,8
565,68,16,4,1,296 210 182 626 694 730 18 931 555 ,214 622 968 365 978 673 26 ,9,7
566,56,14,3,1,415 803 753 930 229 57 796 ,919 36 891 262 337 831 99 ,7,7
567,1,3,25,0,676 409 ,580 ,2,1
568,87,18,6,1,592 536 727 429 272 124 536 134 1 328 940 ,813 308 159 752 893 655 896 ,11,7
569,66,15,4,1,883 766 191 462 34 845 535 596 ,231 693 981 912 831 54 610 ,8,7
570,83,17,5,1,352 166 491 607 620 679 478 ,964 365 193 257 217 129 929 729 444 176 ,7,10
571,2,4,29,0,900 179 ,159 793 ,2,2
572,0,2,16,0,401 ,814 ,1,1
573,53,14,3,1,275 746 940 80 391 401 728 ,351 843 247 584 738 294 365 ,7,7
574,81,17,5,1,291 627 512 765 504 184 401 931 ,406 748 624 147 245 905 360 438 262 ,8,9
575,0,2,17,0,,432 539 ,0,2
576,2,4,29,0,91 ,564 815 648 ,1,3
577,96,19,6,1,447 883 386 278 538 717 411 167 555 668 890 106 ,10 23 50 77 365 886 495 ,12,7
578,82,17,5,1,79 242 64 184 378 819 802 617 ,370 363 503 960 862 913 200 758 301 ,8,9
579,1,2,21,0,264 ,601 ,1,1
580,64,15,4,1,127 227 820 474 877 872 674 709 ,968 856 427 685 437 27 96 ,8,7
581,0,2,16,0,,721 570 ,0,2
582,0,1,15,0,,206 ,0,1
583,1,3,25,0,947 840 ,505 ,2,1
584,54,14,3,1,776 579 563 804 737 111 404 764 ,23 231 216 686 550 954 ,8,6
585,0,1,14,0,,139 ,0,1
586,64,15,4,1,853 244 499 723 188 ,514 815 905 927 476 84 991 128 205 480 ,5,10
587,83,17,5,1,760 649 789 917 546 ,96 671 762 104 193 625 212 257 881 700 923 469 ,5,12
588,64,15,4,1,911 207 392 703 300 496 225 436 600 ,570 718 341 601 97 508 ,9,6
589,1,3,24,0,207 549 15 ,,3,0
590,91,18,6,1,660 947 603 988 227 218 635 ,880 193 644 889 204 619 116 560 178 161 523 ,7,11
591,99,19,6,1,273 471 8 118 988 821 583 902 667 731 825 ,704 968 421 159 893 154 281 151 ,11,8
592,0,1,10,0,,251 ,0,1
593,75,16,5,1,318 789 716 722 703 219 966 79 ,624 514 486 871 740 331 335 934 ,8,8
594,77,17,5,1,773 772 167 339 534 659 431 699 ,312 913 486 653 54 51 616 76 511 ,8,9
595,0,2,15,0,,967 11 ,0,2
596,1,2,18,0,955 ,957 ,1,1
597,0,2,16,0,916 253 ,,2,0
598,1,3,24,0,699 674 ,138 ,2,1
599,1,3,23,0,819 ,154 787 ,1,2
600,2,3,26,0,285 603 315 ,,3,0
601,64,15,4,1,649 73 339 598 549 384 ,591 755 958 570 547 464 174 952 795 ,6,9
602,93,19,6,1,82 820 4 252 955 980 122 660 812 901 232 25 ,905 397 74 516 986 331 564 ,12,7
603,0,2,16,0,885 3 ,,2,0
604,1,2,18,0,757 ,69 ,1,1
605,2,4,29,0,442 ,473 360 370 ,1,3
606,93,19,6,1,409 494 316 722 73 915 282 352 195 885 528 ,742 704 343 967 360 669 952 95 ,11,8
607,2,3,26,0,,83 669 561 ,0,3
608,55,14,3,1,232 64 645 883 572 ,843 985 360 67 792 13 433 514 628 ,5,9
609,1,3,22,0,759 ,655 957 ,1,2
610,67,15,4,1,90 829 318 665 ,174 19 50 213 217 52 875 663 588 832 288 ,4,11
611,2,4,29,0,773 900 ,848 262 ,2,2
612,66,15,4,1,956 551 904 483 470 540 127 ,720 656 60 637 847 98 324 139 ,7,8
613,0,2,18,0,439 909 ,,2,0
614,75,16,5,1,841 542 915 794 772 851 845 596 367 ,695 741 139 402 813 741 724 ,9,7
615,64,15,4,1,756 803 413 819 119 524 ,237 435 623 769 116 836 744 729 335 ,6,9
616,75,16,5,1,462 307 347 106 261 502 638 825 ,394 379 933 948 805 811 922 875 ,8,8
617,0,1,13,0,106 ,,1,0
618,59,14,4,1,375 902 325 4 72 426 80 381 29 877 733 ,957 785 287 ,11,3
619,68,15,4,1,804 878 384 419 418 20 650 290 542 631 ,12 217 809 813 848 ,10,5
620,0,1,11,0,,615 ,0,1
621,73,16,5,1,198 589 870 713 772 93 268 ,745 550 623 138 390 862 881 725 919 ,7,9
622,76,17,5,1,384 72 118 255 658 298 938 474 224 ,799 625 407 958 136 612 783 374 ,9,8
623,54,14,3,1,812 240 255 256 29 947 537 ,882 793 160 165 989 247 125 ,7,7
624,75,16,5,1,753 925 371 158 559 731 990 182 415 835 415 ,14 944 213 787 11 ,11,5
625,83,17,5,1,355 17 638 386 760 559 864 369 9 378 533 ,619 69 933 220 83 351 ,11,6
626,2,4,28,0,242 ,421 185 211 ,1,3
627,2,3,26,0,626 460 ,815 ,2,1
628,76,16,5,1,494 822 939 611 840 246 892 310 368 ,948 751 202 406 13 507 469 ,9,7
629,67,15,4,1,993 611 939 868 680 64 367 650 ,476 455 622 935 805 204 769 ,8,7
630,96,19,6,1,730 248 447 470 24 124 117 953 818 ,202 159 145 322 813 882 154 366 27 42 ,9,10
631,1,3,23,0,219 631 ,687 ,2,1
632,61,15,4,1,5 626 4 268 757 477 163 ,340 201 807 687 836 637 811 348 ,7,8
633,2,4,29,0,166 921 ,221 672 ,2,2
634,87,18,6,1,470 595 845 498 819 439 654 863 ,799 302 23 414 832 986 139 43 155 519 ,8,10
635,0,1,10,0,47 ,,1,0
636,1,2,19,0,515 ,443 ,1,1
637,98,19,6,1,47 398 955 556 680 732 218 782 703 ,545 783 388 648 876 898 548 833 745 704 ,9,10
638,0,2,16,0,368 ,186 ,1,1
639,0,1,12,0,,615 ,0,1
640,0,2,17,0,665 422 ,,2,0
641,1,2,19,0,925 651 ,,2,0
642,1,3,21,0,,338 121 948 ,0,3
643,1,3,23,0,194 ,648 175 ,1,2
644,70,16,4,1,478 157 254 549 864 974 439 306 ,687 905 458 850 884 147 683 934 ,8,8
645,2,4,27,0,825 118 737 ,451 ,3,1
646,1,3,24,0,344 148 ,257 ,2,1
647,82,17,5,1,931 119 737 310 835 229 558 420 392 532 ,625 473 608 487 580 197 800 ,10,7
648,99,19,6,1,325 853 484 642 518 296 9 ,323 739 991 213 32 830 743 912 831 222 324 569 ,7,12
649,0,1,15,0,924 ,,1,0
650,2,3,26,0,722 ,432 541 ,1,2
651,0,1,15,0,30 ,,1,0
652,59,14,4,1,277 488 126 515 47 727 491 664 ,919 294 922 652 412 935 ,8,6
653,70,16,4,1,290 482 524 278 778 727 199 383 256 273 ,601 887 539 744 317 964 ,10,6
654,1,3,22,0,368 604 ,313 ,2,1
655,70,16,4,1,293 600 477 166 305 3 909 346 34 ,208 154 614 92 500 340 287 ,9,7
656,88,18,6,1,38 950 198 263 491 499 316 665 649 179 ,968 744 602 400 472 331 284 808 ,10,8
657,2,3,26,0,643 456 ,136 ,2,1
658,2,3,27,0,2 273 ,6 ,2,1
659,1,3,25,0,974 537 ,358 ,2,1
660,0,1,10,0,870 ,,1,0
661,54,13,3,1,818 418 802 710 411 ,653 387 913 37 222 236 406 51 ,5,8
662,67,14,4,1,215 502 834 260 162 645 899 966 765 ,161 673 808 693 891 ,9,5
663,88,18,6,1,841 290 955 91 404 866 841 747 ,945 630 785 13 629 250 335 414 402 128 ,8,10
664,1,3,23,0,5 59 ,725 ,2,1
665,1,3,24,0,140 ,846 857 ,1,2
666,88,18,6,1,864 611 126 225 268 31 471 474 81 ,846 147 324 566 762 848 320 214 202 ,9,9
667,0,2,17,0,757 873 ,,2,0
668,1,3,23,0,585 339 ,846 ,2,1
669,75,16,5,1,291 35 706 91 246 660 789 ,942 805 144 174 961 100 985 150 19 ,7,9
670,1,3,25,0,483 ,137 926 ,1,2
671,76,17,5,1,392 367 993 667 89 984 555 766 904 835 ,304 944 837 406 791 858 526 ,10,7
672,91,18,6,1,191 3 70 765 375 581 555 391 659 35 ,464 150 612 758 62 75 414 621 ,10,8
673,54,14,3,1,903 454 668 812 478 171 849 2 596 254 ,550 769 11 565 ,10,4
674,2,4,30,0,342 825 599 ,673 ,3,1
675,83,17,5,1,776 179 18 256 605 445 468 492 863 ,480 234 755 236 331 237 593 896 ,9,8
676,2,3,27,0,355 381 ,523 ,2,1
677,2,3,27,0,382 ,653 526 ,1,2
678,84,18,5,1,900 917 364 17 730 949 911 801 533 199 914 ,580 193 809 734 815 884 725 ,11,7
679,1,3,22,0,873 ,577 438 ,1,2
680,2,4,29,0,405 543 409 ,934 ,3,1
681,64,15,4,1,391 988 21 955 263 654 677 ,700 74 444 76 395 335 739 43 ,7,8
682,2,3,26,0,797 598 ,507 ,2,1
683,63,15,4,1,822 183 654 513 821 ,630 520 683 13 691 139 610 76 944 967 ,5,10
684,1,2,20,0,172 ,317 ,1,1
685,83,17,5,1,418 746 489 467 462 879 522 534 841 ,120 287 740 928 957 175 76 427 ,9,8
686,75,16,5,1,727 384 252 166 261 467 368 ,775 23 687 945 302 451 750 833 506 ,7,9
687,91,18,6,1,422 924 852 726 224 677 543 540 ,379 221 891 593 525 944 662 435 578 104 ,8,10
688,0,2,17,0,798 ,738 ,1,1
689,0,2,17,0,445 631 ,,2,0
690,0,1,15,0,736 ,,1,0
691,83,17,5,1,167 581 273 984 38 47 17 697 207 885 ,26 656 99 712 754 610 989 ,10,7
692,58,14,3,1,431 1 163 575 223 600 829 35 ,161 32 402 724 348 13 ,8,6
693,80,17,5,1,61 189 272 195 965 645 682 ,792 213 618 610 71 487 125 898 934 881 ,7,10
694,0,1,11,0,115 ,,1,0
695,66,15,4,1,853 368 468 576 359 241 582 932 271 ,333 444 593 427 691 700 ,9,6
696,58,14,3,1,956 962 422 268 822 931 677 ,12 485 718 13 36 610 326 ,7,7
697,2,3,27,0,955 ,351 469 ,1,2
698,98,19,6,1,233 668 617 613 620 768 377 29 140 796 689 ,843 497 161 324 913 855 266 886 ,11,8
699,1,3,23,0,512 ,720 397 ,1,2
700,57,14,3,1,546 540 34 113 89 ,397 321 586 514 791 983 472 891 458 ,5,9
701,0,2,16,0,540 ,775 ,1,1
702,2,4,30,0,345 339 638 ,809 ,3,1
703,1,2,20,0,865 806 ,,2,0
704,76,16,5,1,794 182 344 440 267 631 447 576 122 ,245 891 791 881 957 837 176 ,9,7
705,66,15,4,1,533 916 339 81 727 542 82 ,104 74 637 880 297 486 51 350 ,7,8
706,1,2,19,0,532 ,704 ,1,1
707,0,1,12,0,592 ,,1,0
708,1,2,18,0,,76 695 ,0,2
709,2,4,29,0,753 723 911 359 ,,4,0
710,1,2,20,0,640 ,594 ,1,1
711,2,4,28,0,261 156 642 ,206 ,3,1
712,59,14,4,1,599 223 106 736 228 878 542 ,622 964 236 926 948 406 741 ,7,7
713,0,1,14,0,,102 ,0,1
714,90,17,6,1,617 899 917 549 254 916 369 381 716 761 ,245 100 881 623 286 92 226 ,10,7
715,1,3,26,0,409 482 ,718 ,2,1
716,0,1,14,0,763 ,,1,0
717,0,1,11,0,,319 ,0,1
718,64,15,4,1,969 667 290 369 ,114 977 304 129 876 983 257 23 696 289 712 ,4,11
719,53,14,3,1,903 727 378 499 483 21 640 117 ,84 855 856 231 857 180 ,8,6
720,62,15,4,1,332 825 620 803 613 579 972 592 398 254 ,855 580 573 286 493 ,10,5
721,97,19,6,1,976 803 515 680 465 259 494 73 272 111 759 ,459 591 858 683 341 983 948 27 ,11,8
722,0,1,10,0,,652 ,0,1
723,0,1,15,0,544 ,,1,0
724,63,15,4,1,140 115 528 492 230 562 256 ,637 169 116 486 618 799 362 458 ,7,8
725,58,14,3,1,665 260 649 638 544 79 540 ,50 54 485 175 116 338 552 ,7,7
726,0,2,17,0,482 ,700 ,1,1
727,0,1,14,0,735 ,,1,0
728,2,4,30,0,747 710 823 ,807 ,3,1
729,84,18,5,1,318 241 542 456 189 802 386 818 219 3 ,475 376 569 103 265 977 446 500 ,10,8
730,1,1,20,0,,60 ,0,1
731,0,1,10,0,994 ,,1,0
732,2,4,27,0,1 61 ,942 281 ,2,2
733,2,4,30,0,576 ,247 828 10 ,1,3
734,76,17,5,1,711 449 576 737 290 81 182 987 ,628 520 740 19 944 13 743 814 952 ,8,9
735,1,3,23,0,722 576 482 ,,3,0
736,0,1,15,0,,37 ,0,1
737,0,2,16,0,235 ,745 ,1,1
738,87,18,6,1,651 823 474 315 994 179 91 746 401 482 ,814 376 961 295 629 476 647 370 ,10,8
739,62,15,4,1,157 117 818 8 346 974 393 ,481 922 989 200 247 329 854 672 ,7,8
740,62,15,4,1,917 636 59 88 650 554 538 ,967 869 102 362 975 808 652 69 ,7,8
741,70,15,4,1,306 353 823 535 806 140 ,175 880 754 6 486 176 68 632 623 ,6,9
742,71,16,4,1,283 877 730 735 300 183 423 835 468 264 ,205 83 125 121 200 451 ,10,6
743,71,16,4,1,179 24 502 347 94 639 617 ,548 497 144 335 912 830 186 907 427 ,7,9
744,92,18,6,1,949 272 604 456 192 332 35 ,27 527 577 619 876 880 698 989 68 742 606 ,7,11
745,69,15,4,1,890 609 638 126 936 111 982 543 818 277 ,629 444 905 683 935 ,10,5
746,1,2,20,0,,886 441 ,0,2
747,2,3,28,0,993 597 21 ,,3,0
748,89,18,6,1,988 467 268 171 224 583 558 18 819 901 336 ,448 884 622 397 308 155 311 ,11,7
749,65,15,4,1,546 650 759 194 422 627 39 ,493 12 714 945 337 103 749 10 ,7,8
750,56,14,3,1,902 162 715 827 275 378 ,608 755 505 469 137 648 681 100 ,6,8
751,54,14,3,1,259 576 657 984 339 689 428 ,178 541 105 476 170 523 975 ,7,7
752,80,17,5,1,971 641 422 215 544 950 657 556 396 375 ,52 116 867 779 876 719 112 ,10,7
753,2,4,29,0,34 94 567 163 ,,4,0
754,74,16,5,1,528 906 55 133 563 585 947 166 776 ,159 87 92 473 77 740 634 ,9,7
755,60,15,4,1,557 429 20 757 965 ,226 466 144 521 145 791 326 109 578 137 ,5,10
756,0,2,16,0,,335 957 ,0,2
757,1,3,24,0,,813 813 525 ,0,3
758,66,15,4,1,555 310 554 972 921 39 711 ,330 490 817 185 320 944 741 887 ,7,8
759,0,2,17,0,538 ,568 ,1,1
760,2,4,28,0,20 638 ,138 509 ,2,2
761,0,1,14,0,,942 ,0,1
762,58,14,3,1,947 599 449 990 353 80 ,302 580 376 896 743 928 251 896 ,6,8
763,1,3,25,0,157 ,68 612 ,1,2
764,1,2,18,0,,591 337 ,0,2
765,1,2,20,0,49 826 ,,2,0
766,0,1,10,0,870 ,,1,0
767,0,1,13,0,,288 ,0,1
768,1,3,24,0,398 224 ,814 ,2,1
769,59,14,4,1,798 819 794 17 613 731 543 955 ,692 569 175 28 441 289 ,8,6
770,1,2,20,0,,523 578 ,0,2
771,95,19,6,1,931 471 430 460 117 563 375 ,112 358 693 662 991 412 526 302 433 292 550 205 ,7,12
772,0,2,17,0,,880 945 ,0,2
773,0,1,10,0,172 ,,1,0
774,90,18,6,1,134 179 235 467 868 426 172 636 48 249 939 122 563 701 ,525 526 176 40 ,14,4
775,92,19,6,1,158 328 293 364 873 557 596 439 994 879 581 643 633 760 ,497 85 978 180 458 ,14,5
776,1,2,21,0,195 123 ,,2,0
777,1,3,22,0,946 355 ,986 ,2,1
778,1,2,19,0,794 254 ,,2,0
779,94,19,6,1,494 117 510 442 812 504 723 879 306 679 971 273 988 ,934 869 618 771 531 294 ,13,6
780,1,3,22,0,,56 964 884 ,0,3
781,74,16,5,1,617 198 664 369 173 382 938 620 ,180 861 578 570 623 628 102 322 ,8,8
782,1,2,19,0,,485 437 ,0,2
783,86,17,6,1,581 921 15 874 224 851 415 291 253 315 ,769 881 208 779 62 739 51 ,10,7
784,1,3,22,0,649 778 ,919 ,2,1
785,75,16,5,1,551 171 47 383 963 ,443 926 237 941 201 687 56 343 666 857 287 ,5,11
786,1,2,18,0,300 ,602 ,1,1
787,95,19,6,1,988 885 728 877 572 404 660 327 371 ,991 145 175 967 831 329 376 788 836 656 ,9,10
788,77,17,5,1,940 7 680 369 909 89 651 ,779 187 724 881 333 206 453 16 929 661 ,7,10
789,0,2,16,0,298 ,893 ,1,1
790,0,2,16,0,199 377 ,,2,0
791,78,17,5,1,271 65 384 263 198 728 824 984 802 ,370 358 485 968 211 961 593 360 ,9,8
792,53,14,3,1,162 264 48 598 484 773 767 ,843 671 379 421 725 476 175 ,7,7
793,69,16,4,1,29 638 829 239 914 70 158 9 496 ,457 995 508 875 297 493 181 ,9,7
794,0,1,15,0,,828 ,0,1
795,52,14,3,1,860 732 34 534 992 938 1 243 611 ,656 945 152 673 395 ,9,5
796,0,1,15,0,,788 ,0,1
797,1,3,23,0,431 ,37 933 ,1,2
798,2,4,29,0,271 599 316 ,486 ,3,1
799,67,15,4,1,347 973 773 240 117 315 ,923 351 752 441 663 886 989 898 531 ,6,9
800,67,15,4,1,306 461 892 239 283 122 ,36 995 836 481 647 671 686 578 561 ,6,9
801,0,2,17,0,911 897 ,,2,0
802,0,1,14,0,512 ,,1,0
803,1,3,22,0,171 599 ,888 ,2,1
804,1,3,25,0,684 401 ,809 ,2,1
805,60,15,4,1,232 732 106 346 494 722 396 938 966 ,762 698 13 257 139 480 ,9,6
806,1,3,24,0,5 81 ,700 ,2,1
807,78,17,5,1,680 66 491 386 947 932 428 227 906 ,685 319 85 326 330 92 311 700 ,9,8
808,59,14,4,1,604 542 195 227 192 401 182 759 33 ,749 326 26 623 945 ,9,5
809,82,17,5,1,166 899 124 5 272 914 780 368 921 325 ,808 335 648 960 548 294 169 ,10,7
810,1,3,22,0,61 440 ,628 ,2,1
811,85,18,5,1,877 874 465 904 703 334 34 ,257 159 887 459 354 919 385 354 781 621 104 ,7,11
812,0,1,15,0,307 ,,1,0
813,72,15,4,1,571 428 827 306 645 701 885 156 ,691 102 762 366 107 13 320 ,8,7
814,88,18,6,1,921 665 651 462 984 607 768 674 66 ,910 740 807 995 745 77 588 292 321 ,9,9
815,73,16,5,1,398 153 988 230 764 812 708 15 198 ,490 12 186 155 60 891 501 ,9,7
816,88,18,6,1,439 110 760 877 410 ,871 294 700 656 621 696 358 685 844 719 433 948 675 ,5,13
817,71,16,4,1,396 971 513 232 183 369 483 410 ,308 755 343 862 663 44 854 573 ,8,8
818,0,1,12,0,897 ,,1,0
819,2,3,29,0,627 ,975 666 ,1,2
820,0,1,11,0,381 ,,1,0
821,0,1,12,0,391 ,,1,0
822,1,3,23,0,798 713 ,490 ,2,1
823,0,2,17,0,,217 434 ,0,2
824,2,3,27,0,229 353 355 ,,3,0
825,2,4,29,0,34 106 ,379 943 ,2,2
826,2,4,28,0,707 228 117 951 ,,4,0
827,2,4,30,0,994 878 ,839 927 ,2,2
828,88,18,6,1,513 504 316 361 411 15 918 645 ,578 146 351 981 459 321 10 481 957 630 ,8,10
829,1,3,26,0,79 879 ,435 ,2,1
830,80,17,5,1,690 804 911 336 378 182 48 701 ,867 781 136 672 503 813 977 295 397 ,8,9
831,93,18,6,1,879 921 25 91 790 747 194 709 ,856 288 373 944 623 160 322 848 560 889 ,8,10
832,83,17,5,1,364 620 513 504 233 789 ,593 981 983 280 169 201 323 338 105 663 791 ,6,11
833,58,14,3,1,556 746 436 727 113 ,507 884 289 312 288 78 622 943 854 ,5,9
834,1,2,21,0,504 925 ,,2,0
835,0,1,15,0,268 ,,1,0
836,64,15,4,1,702 417 873 9 710 173 581 598 4 244 89 ,687 578 685 497 ,11,4
837,91,18,6,1,405 58 4 826 305 203 579 638 381 767 225 ,493 143 669 696 734 10 180 ,11,7
838,2,4,29,0,916 ,236 961 816 ,1,3
839,72,16,4,1,166 710 393 192 638 538 796 110 ,783 846 335 287 286 625 125 12 ,8,8
840,1,3,26,0,398 ,783 443 ,1,2
841,2,4,28,0,806 ,749 178 977 ,1,3
842,1,3,25,0,218 ,594 944 ,1,2
843,95,19,6,1,463 8 536 273 158 158 540 20 542 ,237 569 506 490 276 977 44 986 811 455 ,9,10
844,85,16,5,1,971 398 870 223 70 49 163 142 ,844 116 793 564 68 739 977 742 ,8,8
845,1,3,22,0,184 589 ,888 ,2,1
846,66,14,4,1,49 953 806 904 378 192 ,365 521 854 705 435 139 944 374 ,6,8
847,80,17,5,1,267 347 571 108 973 417 470 971 845 924 ,216 206 751 299 288 755 881 ,10,7
848,80,17,5,1,359 635 796 164 890 436 603 279 ,867 450 145 593 186 363 548 981 696 ,8,9
849,2,3,27,0,572 ,783 817 ,1,2
850,64,15,4,1,780 969 617 298 665 408 825 73 ,160 222 437 52 434 348 77 ,8,7
851,2,3,27,0,273 309 579 ,,3,0
852,1,2,20,0,184 ,817 ,1,1
853,0,1,10,0,426 ,,1,0
854,63,15,4,1,327 203 853 189 65 273 ,516 787 843 319 814 476 775 144 390 ,6,9
855,61,15,4,1,498 229 499 708 542 456 909 359 971 ,251 476 779 539 201 331 ,9,6
856,86,18,5,1,117 633 643 904 812 576 660 219 760 ,967 147 265 830 317 95 624 75 929 ,9,9
857,92,19,6,1,834 82 974 8 3 411 484 658 ,687 23 588 685 718 871 304 495 506 222 432 ,8,11
858,90,18,6,1,127 403 325 688 966 797 780 127 980 ,880 748 421 159 85 560 672 308 137 ,9,9
859,89,17,6,1,429 291 772 822 93 494 318 140 2 328 ,36 379 948 14 71 948 50 ,10,7
860,0,1,15,0,940 ,,1,0
861,85,17,5,1,603 676 680 263 633 9 449 877 431 823 369 484 ,75 525 177 623 844 ,12,5
862,89,18,6,1,589 976 599 310 371 946 563 179 930 733 706 462 ,698 146 832 896 795 452 ,12,6
863,0,2,17,0,,357 116 ,0,2
864,0,1,10,0,951 ,,1,0
865,1,3,25,0,797 283 697 ,,3,0
866,0,1,10,0,,374 ,0,1
867,58,14,3,1,489 963 702 462 4 530 ,216 63 495 379 154 844 250 964 ,6,8
868,2,4,27,0,,370 432 628 687 ,0,4
869,76,16,5,1,699 502 91 471 267 728 534 902 307 279 ,114 280 886 74 908 226 ,10,6
870,0,1,13,0,658 ,,1,0
871,96,19,6,1,94 770 194 417 409 703 932 987 110 418 ,876 983 608 929 469 769 685 324 170 ,10,9
872,1,2,18,0,488 415 ,,2,0
873,1,3,24,0,518 562 405 ,,3,0
874,0,1,13,0,,493 ,0,1
875,61,15,4,1,349 778 873 753 864 ,795 112 427 311 155 685 276 663 705 920 ,5,10
876,69,16,4,1,477 467 770 33 976 210 243 ,323 769 281 44 793 138 862 738 577 ,7,9
877,1,3,25,0,471 491 ,208 ,2,1
878,1,3,23,0,305 ,400 983 ,1,2
879,0,1,14,0,298 ,,1,0
880,84,18,5,1,314 925 59 22 572 554 949 529 819 ,580 84 712 406 250 12 748 83 724 ,9,9
881,67,15,4,1,383 101 556 18 824 631 282 559 494 ,832 40 700 455 214 521 ,9,6
882,71,16,4,1,239 918 22 639 727 829 679 ,170 190 720 844 569 388 889 308 294 ,7,9
883,2,4,29,0,389 768 581 ,473 ,3,1
884,78,16,5,1,24 296 261 429 291 192 518 780 558 810 ,601 197 886 12 568 729,10,6
885,1,3,25,0,902 ,844 881 ,1,2
886,68,16,4,1,263 462 314 777 447 973 ,362 169 130 516 337 871 893 941 86 894 ,6,10
887,83,17,5,1,166 558 349 210 515 271 ,424 978 959 490 455 196 160 313 869 545 888 ,6,11
888,95,19,6,1,680 210 239 735 167 746 572 142 398 746 789 392 ,856 92 791 910 624 807 387 ,12,7
889,70,16,4,1,866 706 974 971 203 822 349 261 ,922 412 907 114 104 601 908 560 ,8,8
890,1,2,21,0,877 ,655 ,1,1
891,72,16,4,1,233 398 664 371 403 708 879 483 ,238 311 257 387 416 952 450 586 ,8,8
892,0,1,10,0,679 ,,1,0
893,61,15,4,1,966 268 504 883 543 468 271 542 528 ,333 622 197 884 50 187 ,9,6
894,59,14,4,1,34 969 82 536 15 290 243 163 524 600 ,569 130 634 800 ,10,4
895,57,14,3,1,115 722 670 994 617 429 61 ,519 425 594 373 323 691 919 ,7,7
896,57,14,3,1,902 263 798 46 430 253 ,128 875 781 844 370 618 139 354 ,6,8
897,1,2,18,0,215 90 ,,2,0
898,93,19,6,1,460 359 598 950 156 820 535 646 953 617 ,743 459 380 594 662 653 69 944 888 ,10,9
899,2,4,29,0,463 261 261 ,416 ,3,1
900,1,3,21,0,757 431 901 ,,3,0
901,0,1,13,0,976 ,,1,0
902,1,3,25,0,924 72 ,624 ,2,1
903,0,1,12,0,,165 ,0,1
904,1,3,23,0,158 ,741 234 ,1,2
905,68,15,4,1,158 969 972 522 670 309 709 972 ,71 464 948 56 322 187 146 ,8,7
906,1,2,18,0,285 ,103 ,1,1
907,90,18,6,1,627 199 842 49 897 757 429 504 413 796 ,813 365 800 98 313 181 388 795 ,10,8
908,92,18,6,1,583 649 917 361 142 592 723 930 790 522 352 359 ,606 739 448 779 787 376 ,12,6
909,0,1,10,0,,608 ,0,1
910,91,18,6,1,973 636 766 241 392 563 679 ,959 623 920 791 159 934 514 205 560 107 165 ,7,11
911,2,4,29,0,449 439 461 ,486 ,3,1
912,60,15,4,1,392 118 235 419 984 ,507 394 591 120 601 78 145 805 837 610 ,5,10
913,80,17,5,1,361 126 973 518 108 921 ,729 202 208 351 935 370 399 216 416 187 927 ,6,11
914,0,1,12,0,123 ,,1,0
915,2,4,29,0,499 467 230 46 ,,4,0
916,0,2,15,0,801 ,400 ,1,1
917,2,3,27,0,532 ,42 333 ,1,2
918,2,3,26,0,163 61 ,95 ,2,1
919,66,15,4,1,555 746 278 488 156 460 73 993 ,755 954 696 437 323 238 750 ,8,7
920,72,16,4,1,902 819 892 225 339 316 726 442 ,493 493 683 143 755 929 161 875 ,8,8
921,0,2,18,0,188 840 ,,2,0
922,63,15,4,1,845 263 413 670 605 845 770 973 ,457 616 750 683 11 311 51 ,8,7
923,75,16,5,1,140 841 713 272 603 72 431 597 404 ,407 837 216 811 942 509 78 ,9,7
924,2,4,29,0,47 969 ,621 616 ,2,2
925,1,3,26,0,149 640 ,135 ,2,1
926,95,19,6,1,81 142 543 328 878 21 35 917 544 ,150 889 839 833 985 343 320 729 237 621 ,9,10
927,64,15,4,1,471 240 242 8 605 442 965 916 259 ,629 452 343 150 357 500 ,9,6
928,79,17,5,1,760 715 88 631 278 57 369 318 53 384 ,564 130 295 234 888 979 958 ,10,7
929,55,14,3,1,592 188 911 901 938 398 364 491 835 ,995 521 610 881 986 ,9,5
930,0,1,11,0,962 ,,1,0
931,2,4,29,0,61 522 166 ,276 ,3,1
932,2,4,27,0,522 327 310 ,787 ,3,1
933,87,18,6,1,474 611 730 549 73 290 767 325 654 230 ,741 514 152 647 363 738 312 150 ,10,8
934,82,17,5,1,834 489 123 670 218 536 94 153 863 282 780 ,357 837 525 103 266 669 ,11,6
935,76,17,5,1,715 760 290 325 717 638 210 126 512 558 ,97 152 390 201 69 624 323 ,10,7
936,1,3,21,0,688 970 474 ,,3,0
937,66,15,4,1,391 513 24 904 598 ,217 986 50 942 13 979 495 695 43 959 ,5,10
938,0,2,15,0,,54 895 ,0,2
939,0,1,14,0,940 ,,1,0
940,0,2,16,0,,683 968 ,0,2
941,78,17,5,1,512 55 479 641 709 699 563 730 706 ,808 288 32 895 326 968 175 809 ,9,8
942,90,18,6,1,710 349 640 377 347 223 930 595 613 73 3 963 ,177 165 365 618 618 6 ,12,6
943,94,18,6,1,410 571 688 316 730 235 396 868 349 ,698 337 910 618 11 854 185 591 43 ,9,9
944,78,17,5,1,592 166 585 549 530 713 24 697 33 ,112 891 438 896 92 170 846 154 ,9,8
945,80,17,5,1,140 440 22 689 336 970 746 963 ,370 370 862 435 934 360 725 434 27 ,8,9
946,0,1,15,0,411 ,,1,0
947,1,2,19,0,798 825 ,,2,0
948,55,14,3,1,22 89 224 300 389 242 ,586 446 473 975 116 830 561 836 ,6,8
949,0,1,14,0,980 ,,1,0
950,2,3,26,0,46 22 ,152 ,2,1
951,0,1,15,0,903 ,,1,0
952,80,17,5,1,456 172 65 207 49 447 924 ,831 216 250 616 78 561 968 590 286 330 ,7,10
953,1,3,21,0,118 ,967 934 ,1,2
954,76,17,5,1,715 540 638 635 972 728 746 389 336 ,220 875 910 876 942 508 967 610 ,9,8
955,0,1,13,0,,991 ,0,1
956,2,4,29,0,396 528 7 ,407 ,3,1
957,64,15,4,1,240 88 189 611 676 ,944 160 354 14 341 913 390 56 928 185 ,5,10
958,60,14,4,1,613 581 834 58 778 82 111 ,981 107 427 202 190 265 720 ,7,7
959,93,19,6,1,572 708 277 300 479 522 631 690 461 ,934 712 406 621 815 521 691 854 320 357 ,9,10
960,72,16,4,1,410 426 950 518 39 970 89 259 279 123 ,934 724 289 695 236 193 ,10,6
961,59,14,4,1,613 334 377 134 538 737 ,217 683 481 60 360 476 19 742 ,6,8
962,0,1,14,0,499 ,,1,0
963,1,3,25,0,,412 458 725 ,0,3
964,97,19,6,1,524 283 759 759 242 567 172 ,787 387 286 712 262 509 434 385 373 623 245 78 ,7,12
965,2,4,27,0,840 558 ,23 590 ,2,2
966,0,1,11,0,,351 ,0,1
967,73,16,5,1,66 677 298 778 534 600 932 971 ,814 412 781 472 678 407 893 330 ,8,8
968,97,19,6,1,723 576 115 626 627 976 296 171 240 703 229 797 ,104 397 497 421 619 174 220 ,12,7
969,1,3,22,0,470 347 ,36 ,2,1
970,0,2,17,0,965 ,978 ,1,1
971,2,4,30,0,38 756 607 ,839 ,3,1
972,1,2,21,0,,216 350 ,0,2
973,1,3,22,0,,968 313 749 ,0,3
974,2,4,29,0,118 ,201 448 443 ,1,3
975,94,19,6,1,965 91 711 611 801 439 179 426 713 936 ,725 280 116 51 160 832 96 861 376 ,10,9
976,1,3,22,0,599 ,151 588 ,1,2
977,68,16,4,1,369 947 203 184 39 502 255 786 759 ,871 265 181 673 832 450 129 ,9,7
978,97,19,6,1,756 232 367 988 318 8 38 254 542 293 378 ,165 448 601 888 266 743 850 854 ,11,8
979,69,16,4,1,723 409 617 378 658 393 264 ,446 100 170 400 577 977 584 102 181 ,7,9
980,1,2,21,0,232 ,144 ,1,1
981,73,16,5,1,987 553 921 258 786 760 596 ,601 144 693 661 584 774 406 493 455 ,7,9
982,0,1,13,0,,406 ,0,1
983,69,16,4,1,314 657 918 790 431 645 17 599 ,62 959 548 610 991 566 787 85 ,8,8
984,0,1,15,0,,618 ,0,1
985,91,18,6,1,307 777 802 189 956 477 33 627 899 172 900 382 789 ,301 748 593 809 178 ,13,5
986,69,15,4,1,439 992 635 827 703 567 689 162 ,525 83 274 131 500 96 788 ,8,7
987,0,2,16,0,,187 678 ,0,2
988,0,1,14,0,,295 ,0,1
989,74,15,5,1,604 701 585 515 18 892 260 182 184 840 ,125 211 292 745 561 ,10,5
990,1,3,21,0,345 868 ,516 ,2,1
991,68,15,4,1,786 467 939 384 ,666 672 362 457 775 653 594 738 714 131 87 ,4,11
992,0,1,12,0,,574 ,0,1
993,1,2,18,0,664 824 ,,2,0
994,1,3,26,0,498 64 924 ,,3,0
995,61,15,4,1,974 344 240 522 728 2 646 ,568 755 912 129 444 320 893 629 ,7,